{
  "accuracy": 0.6501623376623377,
  "balanced_accuracy": 0.6331457173703163,
  "cohen_kappa": 0.5556764238023794,
  "per_class": {
    "calciturbidite": {
      "precision": 0.6638655462184874,
      "recall": 0.398989898989899,
      "f1": 0.49842271293375395,
      "support": 198
    },
    "clast_supported_conglomerate": {
      "precision": 0.41379310344827586,
      "recall": 0.5454545454545454,
      "f1": 0.47058823529411764,
      "support": 22
    },
    "massive_sandstone": {
      "precision": 0.4846938775510204,
      "recall": 0.7851239669421488,
      "f1": 0.5993690851735016,
      "support": 121
    },
    "sandy_siltstone": {
      "precision": 0.5816023738872403,
      "recall": 0.6282051282051282,
      "f1": 0.6040061633281972,
      "support": 312
    },
    "siltstone": {
      "precision": 0.785,
      "recall": 0.7072072072072072,
      "f1": 0.7440758293838863,
      "support": 222
    },
    "structured_sandstone": {
      "precision": 0.7464387464387464,
      "recall": 0.7338935574229691,
      "f1": 0.7401129943502824,
      "support": 357
    }
  },
  "confusion_matrix": [
    [
      79,
      9,
      57,
      10,
      5,
      38
    ],
    [
      10,
      12,
      0,
      0,
      0,
      0
    ],
    [
      0,
      0,
      95,
      9,
      1,
      16
    ],
    [
      23,
      8,
      16,
      196,
      34,
      35
    ],
    [
      0,
      0,
      0,
      65,
      157,
      0
    ],
    [
      7,
      0,
      28,
      57,
      3,
      262
    ]
  ],
  "classification_report": "                              precision    recall  f1-score   support\n\n              calciturbidite       0.66      0.40      0.50       198\nclast_supported_conglomerate       0.41      0.55      0.47        22\n           massive_sandstone       0.48      0.79      0.60       121\n             sandy_siltstone       0.58      0.63      0.60       312\n                   siltstone       0.79      0.71      0.74       222\n        structured_sandstone       0.75      0.73      0.74       357\n\n                    accuracy                           0.65      1232\n                   macro avg       0.61      0.63      0.61      1232\n                weighted avg       0.67      0.65      0.65      1232\n",
  "cv_evaluation": {
    "mean_balanced_accuracy": 0.7350186456630174,
    "std_balanced_accuracy": 0.04161361812727833,
    "mean_cohen_kappa": 0.6934825546533635,
    "std_cohen_kappa": 0.005175945971211025,
    "n_splits": 5,
    "per_class_cv": {
      "calciturbidite": {
        "mean_recall": 0.6614097968936679,
        "std_recall": 0.2001807712966991,
        "mean_f1": 0.5808208970260447,
        "std_f1": 0.16140132844881666,
        "mean_precision": 0.5623887099138175,
        "std_precision": 0.19195978103013142
      },
      "clast_supported_conglomerate": {
        "mean_recall": 0.6603260869565217,
        "std_recall": 0.3565648171217594,
        "mean_f1": 0.4803115737411649,
        "std_f1": 0.26221853899133635,
        "mean_precision": 0.4008867997673968,
        "std_precision": 0.24115130120895253
      },
      "massive_sandstone": {
        "mean_recall": 0.8351159383758132,
        "std_recall": 0.029651178966174023,
        "mean_f1": 0.8412746316059468,
        "std_f1": 0.012605960711130501,
        "mean_precision": 0.8487671432665934,
        "std_precision": 0.02139145213494421
      },
      "sandy_siltstone": {
        "mean_recall": 0.7215903815201509,
        "std_recall": 0.08335897501150594,
        "mean_f1": 0.6989545581332177,
        "std_f1": 0.04691977245556927,
        "mean_precision": 0.6826691193659058,
        "std_precision": 0.034696503082800145
      },
      "siltstone": {
        "mean_recall": 0.7847407924315226,
        "std_recall": 0.09663448819579258,
        "mean_f1": 0.7414280780297787,
        "std_f1": 0.07789619432283323,
        "mean_precision": 0.7081281173952021,
        "std_precision": 0.09060995409355402
      },
      "structured_sandstone": {
        "mean_recall": 0.7469288778004285,
        "std_recall": 0.04641006638123709,
        "mean_f1": 0.7827401487347329,
        "std_f1": 0.035635365415122605,
        "mean_precision": 0.8235837293208862,
        "std_precision": 0.03582408869628891
      }
    },
    "per_fold": [
      {
        "accuracy": 0.7761506276150628,
        "balanced_accuracy": 0.7620668221569206,
        "cohen_kappa": 0.6908626603605373,
        "per_class": {
          "calciturbidite": {
            "precision": 0.5238095238095238,
            "recall": 0.4074074074074074,
            "f1": 0.4583333333333333,
            "support": 27
          },
          "clast_supported_conglomerate": {
            "precision": 0.32142857142857145,
            "recall": 1.0,
            "f1": 0.4864864864864865,
            "support": 9
          },
          "massive_sandstone": {
            "precision": 0.8629629629629629,
            "recall": 0.8411552346570397,
            "f1": 0.8519195612431444,
            "support": 277
          },
          "sandy_siltstone": {
            "precision": 0.6306306306306306,
            "recall": 0.8092485549132948,
            "f1": 0.7088607594936709,
            "support": 173
          },
          "siltstone": {
            "precision": 0.759493670886076,
            "recall": 0.7792207792207793,
            "f1": 0.7692307692307693,
            "support": 77
          },
          "structured_sandstone": {
            "precision": 0.8601190476190477,
            "recall": 0.7353689567430025,
            "f1": 0.7928669410150891,
            "support": 393
          }
        },
        "confusion_matrix": [
          [
            11,
            5,
            0,
            9,
            1,
            1
          ],
          [
            0,
            9,
            0,
            0,
            0,
            0
          ],
          [
            0,
            0,
            233,
            3,
            1,
            40
          ],
          [
            3,
            9,
            0,
            140,
            17,
            4
          ],
          [
            0,
            0,
            0,
            15,
            60,
            2
          ],
          [
            7,
            5,
            37,
            55,
            0,
            289
          ]
        ],
        "classification_report": "                              precision    recall  f1-score   support\n\n              calciturbidite       0.52      0.41      0.46        27\nclast_supported_conglomerate       0.32      1.00      0.49         9\n           massive_sandstone       0.86      0.84      0.85       277\n             sandy_siltstone       0.63      0.81      0.71       173\n                   siltstone       0.76      0.78      0.77        77\n        structured_sandstone       0.86      0.74      0.79       393\n\n                    accuracy                           0.78       956\n                   macro avg       0.66      0.76      0.68       956\n                weighted avg       0.80      0.78      0.78       956\n",
        "fold": 0
      },
      {
        "accuracy": 0.7663096397273612,
        "balanced_accuracy": 0.7459667091156268,
        "cohen_kappa": 0.6867545519591185,
        "per_class": {
          "calciturbidite": {
            "precision": 0.2804878048780488,
            "recall": 0.7419354838709677,
            "f1": 0.40707964601769914,
            "support": 31
          },
          "clast_supported_conglomerate": {
            "precision": 0.625,
            "recall": 0.625,
            "f1": 0.625,
            "support": 8
          },
          "massive_sandstone": {
            "precision": 0.8483965014577259,
            "recall": 0.7886178861788617,
            "f1": 0.8174157303370787,
            "support": 369
          },
          "sandy_siltstone": {
            "precision": 0.7337278106508875,