{
  "accuracy": 0.640422077922078,
  "balanced_accuracy": 0.6100259459216678,
  "cohen_kappa": 0.5370962666673451,
  "per_class": {
    "calciturbidite": {
      "precision": 0.5833333333333334,
      "recall": 0.2828282828282828,
      "f1": 0.38095238095238093,
      "support": 198
    },
    "clast_supported_conglomerate": {
      "precision": 0.3870967741935484,
      "recall": 0.5454545454545454,
      "f1": 0.4528301886792453,
      "support": 22
    },
    "massive_sandstone": {
      "precision": 0.5535714285714286,
      "recall": 0.768595041322314,
      "f1": 0.643598615916955,
      "support": 121
    },
    "sandy_siltstone": {
      "precision": 0.5726027397260274,
      "recall": 0.6698717948717948,
      "f1": 0.6174298375184638,
      "support": 312
    },
    "siltstone": {
      "precision": 0.9020979020979021,
      "recall": 0.581081081081081,
      "f1": 0.7068493150684931,
      "support": 222
    },
    "structured_sandstone": {
      "precision": 0.675990675990676,
      "recall": 0.8123249299719888,
      "f1": 0.7379134860050891,
      "support": 357
    }
  },
  "confusion_matrix": [
    [
      56,
      9,
      52,
      16,
      0,
      65
    ],
    [
      10,
      12,
      0,
      0,
      0,
      0
    ],
    [
      0,
      2,
      93,
      6,
      1,
      19
    ],
    [
      25,
      7,
      3,
      209,
      13,
      55
    ],
    [
      2,
      0,
      0,
      91,
      129,
      0
    ],
    [
      3,
      1,
      20,
      43,
      0,
      290
    ]
  ],
  "classification_report": "                              precision    recall  f1-score   support\n\n              calciturbidite       0.58      0.28      0.38       198\nclast_supported_conglomerate       0.39      0.55      0.45        22\n           massive_sandstone       0.55      0.77      0.64       121\n             sandy_siltstone       0.57      0.67      0.62       312\n                   siltstone       0.90      0.58      0.71       222\n        structured_sandstone       0.68      0.81      0.74       357\n\n                    accuracy                           0.64      1232\n                   macro avg       0.61      0.61      0.59      1232\n                weighted avg       0.66      0.64      0.63      1232\n",
  "cv_evaluation": {
    "mean_balanced_accuracy": 0.7256269432973047,
    "std_balanced_accuracy": 0.0345907439615297,
    "mean_cohen_kappa": 0.6908204955101365,
    "std_cohen_kappa": 0.010084467276816313,
    "n_splits": 5,
    "per_class_cv": {
      "calciturbidite": {
        "mean_recall": 0.66389486260454,
        "std_recall": 0.20835336971091353,
        "mean_f1": 0.5832305913210686,
        "std_f1": 0.1688586466615167,
        "mean_precision": 0.5458991718859855,
        "std_precision": 0.18866686278219985
      },
      "clast_supported_conglomerate": {
        "mean_recall": 0.6165458937198067,
        "std_recall": 0.3303673265044736,
        "mean_f1": 0.48676711470829115,
        "std_f1": 0.26586020418681666,
        "mean_precision": 0.4224325396825397,
        "std_precision": 0.24830852055090838
      },
      "massive_sandstone": {
        "mean_recall": 0.8349166018942077,
        "std_recall": 0.03719691405437255,
        "mean_f1": 0.8379494307863704,
        "std_f1": 0.010736949910525108,
        "mean_precision": 0.8429966148425496,
        "std_precision": 0.022129957504237966
      },
      "sandy_siltstone": {
        "mean_recall": 0.6980193984838952,
        "std_recall": 0.07574339166091583,
        "mean_f1": 0.6819504883138412,
        "std_f1": 0.04043886454148924,
        "mean_precision": 0.6707188293377551,
        "std_precision": 0.020499503057622173
      },
      "siltstone": {
        "mean_recall": 0.7835973706359267,
        "std_recall": 0.10651848874705958,
        "mean_f1": 0.7547202915115703,
        "std_f1": 0.06979878452192965,
        "mean_precision": 0.7330871389182658,
        "std_precision": 0.06354976346263652
      },
      "structured_sandstone": {
        "mean_recall": 0.7567875324454523,
        "std_recall": 0.040768447905998484,
        "mean_f1": 0.783415216428686,
        "std_f1": 0.035184949667619404,
        "mean_precision": 0.8136770256258498,
        "std_precision": 0.04527088590602427
      }
    },
    "per_fold": [
      {
        "accuracy": 0.7740585774058577,
        "balanced_accuracy": 0.7381655865130549,
        "cohen_kappa": 0.6870732217383002,
        "per_class": {
          "calciturbidite": {
            "precision": 0.37037037037037035,
            "recall": 0.37037037037037035,
            "f1": 0.37037037037037035,
            "support": 27
          },
          "clast_supported_conglomerate": {
            "precision": 0.32,
            "recall": 0.8888888888888888,
            "f1": 0.47058823529411764,
            "support": 9
          },
          "massive_sandstone": {
            "precision": 0.8540145985401459,
            "recall": 0.8447653429602888,
            "f1": 0.8493647912885662,
            "support": 277
          },
          "sandy_siltstone": {
            "precision": 0.6410256410256411,
            "recall": 0.7225433526011561,
            "f1": 0.6793478260869565,
            "support": 173
          },
          "siltstone": {
            "precision": 0.7471264367816092,
            "recall": 0.8441558441558441,
            "f1": 0.7926829268292683,
            "support": 77
          },
          "structured_sandstone": {
            "precision": 0.8563218390804598,
            "recall": 0.7582697201017812,
            "f1": 0.8043184885290149,
            "support": 393
          }
        },
        "confusion_matrix": [
          [
            10,
            5,
            0,
            11,
            1,
            0
          ],
          [
            1,
            8,
            0,
            0,
            0,
            0
          ],
          [
            0,
            0,
            234,
            4,
            0,
            39
          ],
          [
            9,
            9,
            0,
            125,
            21,
            9
          ],
          [
            0,
            0,
            0,
            10,
            65,
            2
          ],
          [
            7,
            3,
            40,
            45,
            0,
            298
          ]
        ],
        "classification_report": "                              precision    recall  f1-score   support\n\n              calciturbidite       0.37      0.37      0.37        27\nclast_supported_conglomerate       0.32      0.89      0.47         9\n           massive_sandstone       0.85      0.84      0.85       277\n             sandy_siltstone       0.64      0.72      0.68       173\n                   siltstone       0.75      0.84      0.79        77\n        structured_sandstone       0.86      0.76      0.80       393\n\n                    accuracy                           0.77       956\n                   macro avg       0.63      0.74      0.66       956\n                weighted avg       0.79      0.77      0.78       956\n",
        "fold": 0
      },
      {
        "accuracy": 0.7711781888997079,
        "balanced_accuracy": 0.7286794535886333,
        "cohen_kappa": 0.6910392484935691,
        "per_class": {
          "calciturbidite": {
            "precision": 0.3392857142857143,
            "recall": 0.6129032258064516,
            "f1": 0.4367816091954023,
            "support": 31
          },
          "clast_supported_conglomerate": {
            "precision": 0.625,
            "recall": 0.625,
            "f1": 0.625,
            "support": 8
          },
          "massive_sandstone": {
            "precision": 0.8674698795180723,
            "recall": 0.7804878048780488,
            "f1": 0.8216833095577746,
            "support": 369
          },
          "sandy_siltstone": {
            "precision": 0.6956521739130435,