{
  "accuracy": 0.6306818181818182,
  "balanced_accuracy": 0.6326521837885475,
  "cohen_kappa": 0.5363448530275385,
  "per_class": {
    "calciturbidite": {
      "precision": 0.47878787878787876,
      "recall": 0.398989898989899,
      "f1": 0.43526170798898073,
      "support": 198
    },
    "clast_supported_conglomerate": {
      "precision": 0.2641509433962264,
      "recall": 0.6363636363636364,
      "f1": 0.37333333333333335,
      "support": 22
    },
    "massive_sandstone": {
      "precision": 0.45893719806763283,
      "recall": 0.7851239669421488,
      "f1": 0.5792682926829268,
      "support": 121
    },
    "sandy_siltstone": {
      "precision": 0.6,
      "recall": 0.5288461538461539,
      "f1": 0.5621805792163543,
      "support": 312
    },
    "siltstone": {
      "precision": 0.7958115183246073,
      "recall": 0.6846846846846847,
      "f1": 0.7360774818401937,
      "support": 222
    },
    "structured_sandstone": {
      "precision": 0.7976539589442815,
      "recall": 0.7619047619047619,
      "f1": 0.7793696275071633,
      "support": 357
    }
  },
  "confusion_matrix": [
    [
      79,
      20,
      72,
      7,
      4,
      16
    ],
    [
      7,
      14,
      0,
      1,
      0,
      0
    ],
    [
      1,
      1,
      95,
      7,
      1,
      16
    ],
    [
      48,
      14,
      15,
      165,
      33,
      37
    ],
    [
      9,
      2,
      0,
      59,
      152,
      0
    ],
    [
      21,
      2,
      25,
      36,
      1,
      272
    ]
  ],
  "classification_report": "                              precision    recall  f1-score   support\n\n              calciturbidite       0.48      0.40      0.44       198\nclast_supported_conglomerate       0.26      0.64      0.37        22\n           massive_sandstone       0.46      0.79      0.58       121\n             sandy_siltstone       0.60      0.53      0.56       312\n                   siltstone       0.80      0.68      0.74       222\n        structured_sandstone       0.80      0.76      0.78       357\n\n                    accuracy                           0.63      1232\n                   macro avg       0.57      0.63      0.58      1232\n                weighted avg       0.65      0.63      0.63      1232\n",
  "cv_evaluation": {
    "mean_balanced_accuracy": 0.6929866824502595,
    "std_balanced_accuracy": 0.043256516489755106,
    "mean_cohen_kappa": 0.6748226401649402,
    "std_cohen_kappa": 0.013779542935655741,
    "n_splits": 5,
    "per_class_cv": {
      "calciturbidite": {
        "mean_recall": 0.5961481481481482,
        "std_recall": 0.198451904525522,
        "mean_f1": 0.55665008675535,
        "std_f1": 0.1472009303356319,
        "mean_precision": 0.5484039410335525,
        "std_precision": 0.1692723444956075
      },
      "clast_supported_conglomerate": {
        "mean_recall": 0.5042270531400966,
        "std_recall": 0.37882644460703735,
        "mean_f1": 0.37245879917184266,
        "std_f1": 0.264563523595904,
        "mean_precision": 0.3360813099943535,
        "std_precision": 0.2551847696070634
      },
      "massive_sandstone": {
        "mean_recall": 0.8403321394628561,
        "std_recall": 0.029902763618736852,
        "mean_f1": 0.8375437831903172,
        "std_f1": 0.013647320415357364,
        "mean_precision": 0.8371515071030743,
        "std_precision": 0.03825357657875084
      },
      "sandy_siltstone": {
        "mean_recall": 0.6709829086550033,
        "std_recall": 0.07690596267454046,
        "mean_f1": 0.6657552185546207,
        "std_f1": 0.06341915515069863,
        "mean_precision": 0.6616400480681645,
        "std_precision": 0.05259755594283903
      },
      "siltstone": {
        "mean_recall": 0.8026259903618393,
        "std_recall": 0.10738216072155873,
        "mean_f1": 0.7340620382523555,
        "std_f1": 0.07054562270420124,
        "mean_precision": 0.6810360784774521,
        "std_precision": 0.06791325493280773
      },
      "structured_sandstone": {
        "mean_recall": 0.7436038549336135,
        "std_recall": 0.058173149253673784,
        "mean_f1": 0.7730278013751359,
        "std_f1": 0.044217859125037735,
        "mean_precision": 0.8084368515204432,
        "std_precision": 0.05228924738078365
      }
    },
    "per_fold": [
      {
        "accuracy": 0.7709205020920502,
        "balanced_accuracy": 0.7396454568639143,
        "cohen_kappa": 0.6845008107342418,
        "per_class": {
          "calciturbidite": {
            "precision": 0.36666666666666664,
            "recall": 0.4074074074074074,
            "f1": 0.38596491228070173,
            "support": 27
          },
          "clast_supported_conglomerate": {
            "precision": 0.24242424242424243,
            "recall": 0.8888888888888888,
            "f1": 0.38095238095238093,
            "support": 9
          },
          "massive_sandstone": {
            "precision": 0.8825757575757576,
            "recall": 0.8411552346570397,
            "f1": 0.8613678373382625,
            "support": 277
          },
          "sandy_siltstone": {
            "precision": 0.643979057591623,
            "recall": 0.7109826589595376,
            "f1": 0.6758241758241759,
            "support": 173
          },
          "siltstone": {
            "precision": 0.6956521739130435,
            "recall": 0.8311688311688312,
            "f1": 0.757396449704142,
            "support": 77
          },
          "structured_sandstone": {
            "precision": 0.861271676300578,
            "recall": 0.7582697201017812,
            "f1": 0.8064952638700947,
            "support": 393
          }
        },
        "confusion_matrix": [
          [
            11,
            5,
            0,
            9,
            1,
            1
          ],
          [
            1,
            8,
            0,
            0,
            0,
            0
          ],
          [
            1,
            0,
            233,
            4,
            0,
            39
          ],
          [
            5,
            16,
            0,
            123,
            24,
            5
          ],
          [
            0,
            0,
            0,
            10,
            64,
            3
          ],
          [
            12,
            4,
            31,
            45,
            3,
            298
          ]
        ],
        "classification_report": "                              precision    recall  f1-score   support\n\n              calciturbidite       0.37      0.41      0.39        27\nclast_supported_conglomerate       0.24      0.89      0.38         9\n           massive_sandstone       0.88      0.84      0.86       277\n             sandy_siltstone       0.64      0.71      0.68       173\n                   siltstone       0.70      0.83      0.76        77\n        structured_sandstone       0.86      0.76      0.81       393\n\n                    accuracy                           0.77       956\n                   macro avg       0.62      0.74      0.64       956\n                weighted avg       0.79      0.77      0.78       956\n",
        "fold": 0
      },
      {
        "accuracy": 0.7750730282375852,
        "balanced_accuracy": 0.6954655406542297,
        "cohen_kappa": 0.6941951251580669,
        "per_class": {
          "calciturbidite": {
            "precision": 0.36363636363636365,
            "recall": 0.5161290322580645,
            "f1": 0.4266666666666667,
            "support": 31
          },
          "clast_supported_conglomerate": {
            "precision": 0.6666666666666666,
            "recall": 0.5,
            "f1": 0.5714285714285714,
            "support": 8
          },
          "massive_sandstone": {
            "precision": 0.8563218390804598,
            "recall": 0.8075880758807588,
            "f1": 0.8312412831241283,
            "support": 369
          },